﻿{
  "$schema": "http://json-schema.org/draft-04/schema#",
  "type": "object",
  "properties": {
    "CorrelationId": {
      "type": "string"
    },
    "userid":{
      "type": "string"
    },
    "questionnaire": {
      "type": "array",
      "items": {
        "type": "object",
        "properties": {
          "questionid": {
            "type": "number",
            "minimum": 1
          },
          "question": {
            "type": "string"
          },
          "answer": {
            "type": "string"
          }    
        }
      }
    }
  },
  "required": [ "questionnaire" ]
}